index,glyph_type,sizeA,sizeB,sizeC
1,polygon,38.88708900418254,9.5,4.738063425531817
