{
  "beer": {
    "b": 1.0926748626516958,
    "c": -0.33487048669978386,
    "n_total": 79,
    "n_inliers": 75
  },
  "circle": {
    "b": 0.8987905979700805,
    "c": 0.7199502934838086,
    "n_total": 68,
    "n_inliers": 64
  },
  "circular_progressbar": {
    "b": 1.1999999999999993,
    "c": -0.5087377623911025,
    "n_total": 80,
    "n_inliers": 76
  },
  "flower": {
    "b": 0.3584991755888737,
    "c": 0.6363164271762608,
    "n_total": 80,
    "n_inliers": 76
  },
  "line": {
    "b": 1.1775521198643566,
    "c": -0.027702049155255287,
    "n_total": 69,
    "n_inliers": 65
  },
  "polygon": {
    "b": 0.3884092017691292,
    "c": 1.7379314249328572,
    "n_total": 77,
    "n_inliers": 73
  },
  "square": {
    "b": 1.1804684079950618,
    "c": -0.22088941606849072,
    "n_total": 60,
    "n_inliers": 57
  },
  "star": {
    "b": 0.3785205617662991,
    "c": 1.767379396351666,
    "n_total": 75,
    "n_inliers": 71
  },
  "sun": {
    "b": 1.1999999999999846,
    "c": -1.9018454884449045,
    "n_total": 78,
    "n_inliers": 74
  },
  "tree_growth": {
    "b": 0.40650828271240025,
    "c": 0.10313817839308916,
    "n_total": 80,
    "n_inliers": 76
  }
}